{"cameraMode":{"drawMode":0,"name":"Shaded","section":"Shading Mode"},"sceneLighting":false,"audioPlay":false,"sceneViewState":{"showFog":true,"showMaterialUpdate":false,"showSkybox":false,"showFlares":true,"showImageEffects":true,"showParticleSystems":true},"in2DMode":false,"pivot":{"x":69.25835418701172,"y":-14.469999313354493,"z":-2.384185791015625e-7},"rotation":{"x":0.13093072175979615,"y":0.22077754139900208,"z":-0.02991439402103424,"w":0.9660465121269226},"size":2.827817916870117,"orthographic":false}