{"cameraMode":{"drawMode":0,"name":"Shaded","section":"Shading Mode"},"sceneLighting":false,"audioPlay":false,"sceneViewState":{"showFog":true,"showMaterialUpdate":false,"showSkybox":false,"showFlares":true,"showImageEffects":true,"showParticleSystems":true},"in2DMode":false,"pivot":{"x":130.89999389648438,"y":5.59999942779541,"z":3.5762786865234377e-7},"rotation":{"x":-0.016773995012044908,"y":-0.0638507679104805,"z":0.0010742137674242259,"w":-0.9978276491165161},"size":16.288951873779298,"orthographic":false}