{"cameraMode":{"drawMode":0,"name":"Shaded","section":"Shading Mode"},"sceneLighting":true,"audioPlay":false,"sceneViewState":{"showFog":true,"showMaterialUpdate":false,"showSkybox":true,"showFlares":true,"showImageEffects":true,"showParticleSystems":true},"in2DMode":false,"pivot":{"x":-21.789112091064454,"y":-35.83409881591797,"z":155.37945556640626},"rotation":{"x":-0.10639164596796036,"y":0.06319241225719452,"z":-0.006774902809411287,"w":-0.9922975301742554},"size":174.45301818847657,"orthographic":false}